names,names,names,names,
Highlight with Light,Hsieh,小晴,灰毛,
林瑄,欸馬,두두꽃,匿名賴特,
Molly,燮燮尼***,jeongwoo_07,데이드림닝 ෆ⸒⸒ 寧寧,
亞風asiawindlin,黃小嘉,Lilyyyyy,CHEN YIYU,
瑞典肉球,元元,miso,Rosa,
Jiang,shanshan,佳樺🤍,쯔기,
匿名賴特,Yuchu,B2uty,claire.c,
青蛙妹,齡萱,匿名賴特,TY,
匿名賴特,Muuuu,Donna,吉兒,
light.yu,阿真～,양양,Eileen,
最愛耀燮的柔柔💖,蘋💛 ,cc,Yuuuushan,
77C,訢祉,상릉,zl_9319,
G,93chu,chieh,9064.maggie,
阿琛,YU YUN,小羊媽咪,睿米,
Hui,匿名賴特,정가가,耀愛緩,
Shawol.lightb2uty,朵,Julie,Y_Y,
尹斗俊無緣的妻子,灰毛,蟹,Yu jen,
斗斗蝦,CJY,Hanaul,소혜,
Della,안청,Vanessa_duj,史黛西,
hohoho_56,李慢慢的努娜,匿名賴特,熊熊和香港賴特,
weiru✨💡,Rou,匿名賴特,Anna,
匿名賴特,嚕比,語喬,Ting,
Yuxin,shin__00_,Wen,Lynn_0125,
珮珮,匿名賴特,Ludo,ㅎㅎ,
yurong,미우,匿名賴特,匿名賴特,
Mina ,Sarah,老白.,匿名賴特,
匿名賴特,RueiCC,Ru,匿名賴特,
宜靜,匿名賴特,匿名賴特,俐妏,
白菜🥬,岱西,芝麻糯米,